TransactionID,Amount,Quantity,LTV,CAC,Churn,Margin,Date_2024-01-01,Date_2024-01-02,Date_2024-01-03,Date_2024-01-04,Date_2024-01-05,Date_2024-01-06,Date_2024-01-07,Date_2024-01-08,Date_2024-01-09,Date_2024-01-10,Date_2024-01-11,Date_2024-01-12,Date_2024-01-13,Date_2024-01-14,Date_2024-01-15,Date_2024-01-16,Date_2024-01-17,Date_2024-01-18,Date_2024-01-19,Date_2024-01-20,CustomerID_CUST-001,CustomerID_CUST-002,CustomerID_CUST-003,CustomerID_CUST-004,CustomerID_CUST-005,CustomerID_CUST-006,CustomerID_CUST-007,CustomerID_CUST-008,CustomerID_CUST-009,CustomerID_CUST-010,CustomerID_CUST-011,CustomerID_CUST-012,CustomerID_CUST-013,CustomerID_CUST-014,CustomerID_CUST-015,CustomerID_CUST-016,CustomerID_CUST-017,CustomerID_CUST-018,CustomerID_CUST-019,CustomerID_CUST-020,ProductCategory_Clothing,ProductCategory_Electronics,ProductCategory_Food,Region_Asia-Pacific,Region_Europe,Region_North America
0.0,0.0,0.0,0.0,0.0,0.0,0.0,1,0,0,0,0,0,0,0,0,0,0,0,0,0,0,0,0,0,0,0,1,0,0,0,0,0,0,0,0,0,0,0,0,0,0,0,0,0,0,0,0,1,0,0,0,1
0.05263157894736842,0.05263157894736842,0.25,0.05263157894736842,0.05263157894736842,1.0,0.05263157894736847,0,1,0,0,0,0,0,0,0,0,0,0,0,0,0,0,0,0,0,0,0,1,0,0,0,0,0,0,0,0,0,0,0,0,0,0,0,0,0,0,1,0,0,0,1,0
0.10526315789473684,0.10526315789473684,0.5,0.10526315789473684,0.10526315789473684,0.0,0.10526315789473693,0,0,1,0,0,0,0,0,0,0,0,0,0,0,0,0,0,0,0,0,0,0,1,0,0,0,0,0,0,0,0,0,0,0,0,0,0,0,0,0,0,0,1,1,0,0
0.15789473684210525,0.15789473684210525,0.75,0.15789473684210525,0.15789473684210525,0.0,0.1578947368421048,0,0,0,1,0,0,0,0,0,0,0,0,0,0,0,0,0,0,0,0,0,0,0,1,0,0,0,0,0,0,0,0,0,0,0,0,0,0,0,0,0,1,0,0,0,1
0.21052631578947367,0.21052631578947367,1.0,0.21052631578947367,0.21052631578947367,1.0,0.21052631578947328,0,0,0,0,1,0,0,0,0,0,0,0,0,0,0,0,0,0,0,0,0,0,0,0,1,0,0,0,0,0,0,0,0,0,0,0,0,0,0,0,1,0,0,0,1,0
0.2631578947368421,0.2631578947368421,0.0,0.2631578947368421,0.2631578947368421,0.0,0.26315789473684204,0,0,0,0,0,1,0,0,0,0,0,0,0,0,0,0,0,0,0,0,0,0,0,0,0,1,0,0,0,0,0,0,0,0,0,0,0,0,0,0,0,0,1,1,0,0
0.3157894736842105,0.3157894736842105,0.25,0.3157894736842105,0.3157894736842105,1.0,0.3157894736842105,0,0,0,0,0,0,1,0,0,0,0,0,0,0,0,0,0,0,0,0,0,0,0,0,0,0,1,0,0,0,0,0,0,0,0,0,0,0,0,0,0,1,0,0,0,1
0.3684210526315789,0.3684210526315789,0.5,0.3684210526315789,0.3684210526315789,0.0,0.368421052631579,0,0,0,0,0,0,0,1,0,0,0,0,0,0,0,0,0,0,0,0,0,0,0,0,0,0,0,1,0,0,0,0,0,0,0,0,0,0,0,0,1,0,0,0,1,0
0.42105263157894735,0.42105263157894735,0.75,0.42105263157894735,0.42105263157894735,0.0,0.42105263157894746,0,0,0,0,0,0,0,0,1,0,0,0,0,0,0,0,0,0,0,0,0,0,0,0,0,0,0,0,1,0,0,0,0,0,0,0,0,0,0,0,0,0,1,1,0,0
0.47368421052631576,0.47368421052631576,1.0,0.47368421052631576,0.47368421052631576,0.0,0.47368421052631593,0,0,0,0,0,0,0,0,0,1,0,0,0,0,0,0,0,0,0,0,0,0,0,0,0,0,0,0,0,1,0,0,0,0,0,0,0,0,0,0,0,1,0,0,0,1
0.5263157894736842,0.5263157894736842,0.0,0.5263157894736842,0.5263157894736842,1.0,0.5263157894736844,0,0,0,0,0,0,0,0,0,0,1,0,0,0,0,0,0,0,0,0,0,0,0,0,0,0,0,0,0,0,1,0,0,0,0,0,0,0,0,0,1,0,0,0,1,0
0.5789473684210527,0.5789473684210527,0.25,0.5789473684210527,0.5789473684210527,0.0,0.5789473684210525,0,0,0,0,0,0,0,0,0,0,0,1,0,0,0,0,0,0,0,0,0,0,0,0,0,0,0,0,0,0,0,1,0,0,0,0,0,0,0,0,0,0,1,1,0,0
0.631578947368421,0.631578947368421,0.5,0.631578947368421,0.631578947368421,0.0,0.631578947368421,0,0,0,0,0,0,0,0,0,0,0,0,1,0,0,0,0,0,0,0,0,0,0,0,0,0,0,0,0,0,0,0,1,0,0,0,0,0,0,0,0,1,0,0,0,1
0.6842105263157895,0.6842105263157895,0.75,0.6842105263157895,0.6842105263157895,1.0,0.6842105263157895,0,0,0,0,0,0,0,0,0,0,0,0,0,1,0,0,0,0,0,0,0,0,0,0,0,0,0,0,0,0,0,0,0,1,0,0,0,0,0,0,1,0,0,0,1,0
0.7368421052631579,0.7368421052631579,1.0,0.7368421052631579,0.7368421052631579,0.0,0.736842105263158,0,0,0,0,0,0,0,0,0,0,0,0,0,0,1,0,0,0,0,0,0,0,0,0,0,0,0,0,0,0,0,0,0,0,1,0,0,0,0,0,0,0,1,1,0,0
0.7894736842105263,0.7894736842105263,0.0,0.7894736842105263,0.7894736842105263,0.0,0.7894736842105259,0,0,0,0,0,0,0,0,0,0,0,0,0,0,0,1,0,0,0,0,0,0,0,0,0,0,0,0,0,0,0,0,0,0,0,1,0,0,0,0,0,1,0,0,0,1
0.8421052631578947,0.8421052631578947,0.25,0.8421052631578947,0.8421052631578947,0.0,0.8421052631578944,0,0,0,0,0,0,0,0,0,0,0,0,0,0,0,0,1,0,0,0,0,0,0,0,0,0,0,0,0,0,0,0,0,0,0,0,1,0,0,0,1,0,0,0,1,0
0.8947368421052632,0.8947368421052632,0.5,0.8947368421052632,0.8947368421052632,1.0,0.894736842105263,0,0,0,0,0,0,0,0,0,0,0,0,0,0,0,0,0,1,0,0,0,0,0,0,0,0,0,0,0,0,0,0,0,0,0,0,0,1,0,0,0,0,1,1,0,0
0.9473684210526315,0.9473684210526315,0.75,0.9473684210526315,0.9473684210526315,0.0,0.9473684210526315,0,0,0,0,0,0,0,0,0,0,0,0,0,0,0,0,0,0,1,0,0,0,0,0,0,0,0,0,0,0,0,0,0,0,0,0,0,0,1,0,0,1,0,0,1,0
1.0,1.0,1.0,1.0,1.0,1.0,1.0,0,0,0,0,0,0,0,0,0,0,0,0,0,0,0,0,0,0,0,1,0,0,0,0,0,0,0,0,0,0,0,0,0,0,0,0,0,0,0,1,1,0,0,0,0,1
