TransactionID,Date,CustomerID,Amount,Quantity,ProductCategory,Region,LTV,CAC,Churn,Margin
1,2024-01-01,CUST-001,100.0,1,Electronics,North America,500.0,100.0,0,0.3
2,2024-01-02,CUST-002,110.0,2,Clothing,Europe,520.0,105.0,1,0.31
3,2024-01-03,CUST-003,120.0,3,Food,Asia-Pacific,540.0,110.0,0,0.32
4,2024-01-04,CUST-004,130.0,4,Electronics,North America,560.0,115.0,0,0.3299999999999999
5,2024-01-05,CUST-005,140.0,5,Clothing,Europe,580.0,120.0,1,0.3399999999999999
6,2024-01-06,CUST-006,150.0,1,Food,Asia-Pacific,600.0,125.0,0,0.35
7,2024-01-07,CUST-007,160.0,2,Electronics,North America,620.0,130.0,1,0.36
8,2024-01-08,CUST-008,170.0,3,Clothing,Europe,640.0,135.0,0,0.37
9,2024-01-09,CUST-009,180.0,4,Food,Asia-Pacific,660.0,140.0,0,0.38
10,2024-01-10,CUST-010,190.0,5,Electronics,North America,680.0,145.0,0,0.39
11,2024-01-11,CUST-011,200.0,1,Clothing,Europe,700.0,150.0,1,0.4
12,2024-01-12,CUST-012,210.0,2,Food,Asia-Pacific,720.0,155.0,0,0.41
13,2024-01-13,CUST-013,220.0,3,Electronics,North America,740.0,160.0,0,0.42
14,2024-01-14,CUST-014,230.0,4,Clothing,Europe,760.0,165.0,1,0.43
15,2024-01-15,CUST-015,240.0,5,Food,Asia-Pacific,780.0,170.0,0,0.44
16,2024-01-16,CUST-016,250.0,1,Electronics,North America,800.0,175.0,0,0.4499999999999999
17,2024-01-17,CUST-017,260.0,2,Clothing,Europe,820.0,180.0,0,0.4599999999999999
18,2024-01-18,CUST-018,270.0,3,Food,Asia-Pacific,840.0,185.0,1,0.47
19,2024-01-19,CUST-019,280.0,4,Electronics,Europe,860.0,190.0,0,0.48
20,2024-01-20,CUST-020,290.0,5,Clothing,North America,880.0,195.0,1,0.49
